id,percentage
1,0.6393357550596782
2,0.6606086221470837
3,0.6396648044692738
4,0.660350544765514
5,0.6476096599310005
6,0.6469673405909798
FAIRFAX CITY PROVISIONALS,0.6275659824046921
