id,percentage
001,0.6393357550596782
002,0.6606086221470837
003,0.6396648044692738
004,0.660350544765514
005,0.6476096599310005
006,0.6469673405909798
FAIRFAX CITY PROVISIONALS,0.6275659824046921