id,percentage
001,0.6145792943001164
002,0.5432462274567538
003,0.5461696306429549
004,0.5687717938783418
005,0.5746714456391876
006,0.5302385008517888
MANASSAS CITY PROVISIONALS,0.5318181818181819