id,percentage
1,0.6145792943001164
2,0.5432462274567538
3,0.5461696306429549
4,0.5687717938783418
5,0.5746714456391876
6,0.5302385008517888
MANASSAS CITY PROVISIONALS,0.5318181818181819
