id,percentage
001,0.7978276103714086
002,0.7917109458023379
003,0.7978822796636562
FALLS CHURCH CITY PROVISIONALS,0.7241379310344828