id,col1
9,0.5584992963696178
812,0.5751723936684864
