id,percentage
1,0.6478220574606117
2,0.5064377682403434
3,0.5832898172323759
MANASSAS PARK CITY PROVISIONALS,0.5631399317406144
